-- phpMyAdmin SQL Dump
-- version 4.5.4.1deb2ubuntu2
-- http://www.phpmyadmin.net
--
-- Host: localhost
-- Generation Time: Nov 30, 2016 at 03:07 PM
-- Server version: 5.7.13-0ubuntu0.16.04.2
-- PHP Version: 5.6.23-2+deb.sury.org~xenial+1

SET SQL_MODE = "NO_AUTO_VALUE_ON_ZERO";
SET time_zone = "+00:00";


/*!40101 SET @OLD_CHARACTER_SET_CLIENT=@@CHARACTER_SET_CLIENT */;
/*!40101 SET @OLD_CHARACTER_SET_RESULTS=@@CHARACTER_SET_RESULTS */;
/*!40101 SET @OLD_COLLATION_CONNECTION=@@COLLATION_CONNECTION */;
/*!40101 SET NAMES utf8mb4 */;

--
-- Database: `supermarket`
--

-- --------------------------------------------------------

--
-- Table structure for table `barang`
--

CREATE TABLE `barang` (
  `barcode_barang` varchar(15) NOT NULL,
  `nama_barang` varchar(255) NOT NULL,
  `harga_beli` decimal(18,0) DEFAULT NULL,
  `harga_jual` decimal(18,0) DEFAULT NULL,
  `jml_stok` int(11) DEFAULT NULL,
  `id_supplier` varchar(10) DEFAULT NULL
) ENGINE=InnoDB DEFAULT CHARSET=latin1;

--
-- Dumping data for table `barang`
--

INSERT INTO `barang` (`barcode_barang`, `nama_barang`, `harga_beli`, `harga_jual`, `jml_stok`, `id_supplier`) VALUES
('1', 'AMPLOP ', '10000', '12000', 20, 'SUP-001'),
('1074', 'GAS ISI 12 KGTBG ', '10000', '12000', 1, NULL),
('1075', 'GAS ISI 3 KGTBG ', '10000', '12000', 1, NULL),
('1085', 'EKA PLAKBAN BENING ROL 46mmX65', '10000', '12000', 1, 'SUP-001'),
('1086', 'EKA PLAKBAN COKLAT ROL 46mmX65', '10000', '12000', 11, 'SUP-001'),
('11747233033', 'DUA KELINCI KACANG GARINGPCK 250g', '10000', '12000', 1, 'SUP-001'),
('122102', 'SNOWMAN AE7 BIRU', '10000', '12000', 1, NULL),
('131596', 'ANGPAU AMPLOP MERAH PUTIH LUX 10\'S POLOS PCK', '10000', '12000', 1, NULL),
('1527', 'KECAP BENTENG 140 ML 140 ML BTL ', '10000', '12000', 1, NULL),
('1528', 'KECAP BENTENG 300 ML 300 ML BTL ', '10000', '12000', 1, NULL),
('1529', 'KECAP BENTENG REFILL 620 ML PCS', '10000', '12000', 1, NULL),
('191', 'ABON MERPATIBKS', '10000', '12000', 1, NULL),
('192', 'ABON TIGA TIGABKS', '10000', '12000', 1, NULL),
('220', 'AIR CUP CUP DUS ', '10000', '12000', 1, NULL),
('228', 'SAJIKUPCK 80g', '10000', '12000', 1, NULL),
('242423424', 'Spongebob', '30000', '45000', 25, NULL),
('272', 'AQUA GALON', '10000', '12000', 1, 'SUP-002'),
('321', 'BASO STICK LADA HITAMPCK ', '10000', '12000', 1, NULL),
('3412242670038', 'ADIDAS ICE DIVE BTL 5', '10000', '12000', 1, NULL),
('3607345217536', 'ADIDAS PURE GAME BTL ', '10000', '12000', 1, NULL),
('3607345387321', 'ADIDAS DEO ICE DIVE KLG 150mL', '10000', '12000', 1, 'SUP-002'),
('3607345401119', 'ADIDAS DEO PURE GAME KLG 150mL', '10000', '12000', 1, NULL),
('3771', 'AZAM MIKA', '10000', '12000', 1, NULL),
('4005401171003', 'FABER CASTELL PENCIL HB ', '10000', '12000', 1, NULL),
('4711036008569', 'HATARI PEANUT BISCUIT 250G', '10000', '12000', 1, 'SUP-002'),
('4800888137319', 'AXE TWIST SCORE BTL 150mL', '10000', '12000', 1, NULL),
('4800888141125', 'AXE DARK TEMPT KLG ', '10000', '12000', 1, NULL),
('4893049120008', 'KRAFT SANDWICH RITZ CHEESE PCK 118g', '10000', '12000', 1, NULL),
('4902430102247', 'HEAD &SHOULDERS MENTHOL 170mL', '10000', '12000', 1, NULL),
('4902430276436', 'DOWNY SOFTENER PASSION 370mL', '10000', '12000', 1, NULL),
('4902430302500', 'DOWNY SOFTENER ANTI BACTE 400mL', '10000', '12000', 1, NULL),
('4902430972260', 'DOWNY SOFTENER SUNRISE FRESH 400mL', '10000', '12000', 1, NULL),
('4902931110185', 'BOTAN MACKARELKLG 155g', '10000', '12000', 1, NULL),
('4968306479585', 'KIWI PASTE BLACK KLG 45mL', '10000', '12000', 1, NULL),
('4968306479660', 'KIWI PASTE BROWN KLG 17.5mL', '10000', '12000', 1, NULL),
('50017898', 'FISHERMAN\'S CANDY SUGAR FREE (HP) MINT SCT 25g', '10000', '12000', 1, NULL),
('50604159', 'FISHERMAN\'S CANDY ANNISEED KUNING SCT 25g', '10000', '12000', 1, NULL),
('53314502210', 'KUSUKA BARBEQUE 60G', '10000', '12000', 1, NULL),
('53314502234', 'KUSUKA SINGK KJ BKR 60G', '10000', '12000', 1, NULL),
('5500', 'GREGEEET 5500', '10000', '12000', 1, NULL),
('653314503561', 'KUSUKA SINGKONG SAOS BLD 60G', '10000', '12000', 1, NULL),
('653314504513', 'KUSUKA SINGKONG RUMPUT LAUT 60G', '10000', '12000', 1, NULL),
('6743', 'JOYKO DOUBLE TAPE (CORE BLUE)ROL 12mmx15', '10000', '12000', 1, NULL),
('711844110113', 'ABC KECAP MANIS BTL 135mL', '10000', '12000', 1, NULL),
('711844115057', 'ABC KECAP ASIN BTL 133mL', '10000', '12000', 1, 'SUP-001'),
('711844120013', 'ABC SAMBALBTL 335mL', '10000', '12000', 1, NULL),
('711844120037', 'ABC SAMBALBTL 135mL', '10000', '12000', 1, NULL),
('711844120075', 'ABC SAMBAL EXTRA PEDA BTL 335mL', '10000', '12000', 1, NULL),
('711844120082', 'ABC SAMBAL EXTRA PEDA BTL 135mL', '10000', '12000', 1, NULL),
('711844120150', 'ABC SAMBAL AYAM GORENG 335ML', '10000', '12000', 1, NULL),
('711844120167', 'ABC SAMBAL AYAM GOREN BTL 135mL', '10000', '12000', 1, NULL),
('711844120310', 'ABC SAMBALPCK 22x9mL', '10000', '12000', 1, NULL),
('711844120396', 'ABC SAMBAL TERASIBTL 200G', '10000', '12000', 1, NULL),
('711844120563', 'ABC SAMBAL BAJAKBTL 190G', '10000', '12000', 1, NULL),
('711844130111', 'ABC SAUCE TOMAT BTL 135mL', '10000', '12000', 1, 'SUP-002'),
('711844140059', 'ABC SAUS TIRAMBTL 135mL', '10000', '12000', 1, 'SUP-002'),
('711844140127', 'ABC KECAP INGGRISBTL 195mL', '10000', '12000', 1, NULL),
('711844150003', 'ABC SYRUP ORANGE BTL 580mL', '10000', '12000', 1, NULL),
('711844330108', 'ABC SARDINES CHILI KLG 155g', '10000', '12000', 1, NULL),
('711844330115', 'ABC SARDINES CHILI KLG 425g', '10000', '12000', 1, NULL),
('711844330214', 'ABC MACKAREL TOMAT KLG 425G', '10000', '12000', 1, NULL),
('711844340008', 'ABC TERASI UDANGPCK 20X4.2G', '10000', '12000', 1, NULL),
('749921006868', 'HILO TEEN CHOCOLATE TPK 200mL', '10000', '12000', 1, NULL),
('7622210360472', 'OREO COCO 137GR', '10000', '12000', 1, NULL),
('7622300065201', 'KRAFT KEJU CHEDDAR OLAHANPCK 35g', '10000', '12000', 1, NULL),
('7622300136055', 'KRAFT SANDWICH OREO STRAWBERY PCK 137g', '10000', '12000', 1, NULL),
('7622300335809', 'OREO SOFT CAKE 16G', '10000', '12000', 1, NULL),
('7622300405588', 'KRAFT KEJU CAKEPCS 16G', '10000', '12000', 1, NULL),
('7622300442507', 'KRAFT OREO ICE CREAM 137G', '10000', '12000', 1, NULL),
('7622300761349', 'KRAFT MINI OREO VANILA CUP', '10000', '12000', 1, NULL),
('7622300761363', 'KRAFT MINI OREO COKLAT CUP', '10000', '12000', 1, NULL),
('7640129890040', 'ASEPSO SABUN BAR 80G', '10000', '12000', 1, NULL),
('7702018965236', 'GILLETTE RAZOR GOAL II YELLOW 2\'SPCK', '10000', '12000', 1, NULL),
('7735', 'KARINA AMPLOP 20\'S -90 POLOS BOX 110×230 ', '10000', '12000', 1, NULL),
('8500', 'GREGEEET 8500', '10000', '12000', 1, NULL),
('8694677100006', 'EAGLE\'S BLACK HENN PCS 10g', '10000', '12000', 1, NULL),
('8850007331360', 'CAREFREE PANTY LINERS SUPER ', '10000', '12000', 1, NULL),
('8851019210117', 'GLICO POCKY BOX 47G', '10000', '12000', 1, NULL),
('88530215', 'JOHNSONS BABY CREAMTUB 100G', '10000', '12000', 1, NULL),
('88820293', 'CUSSONS BABY SHAMPOO CARES&PROT BTL 100mL', '10000', '12000', 1, NULL),
('8886001038011', 'BENG-BENG 25/22g', '10000', '12000', 1, NULL),
('8886007811021', 'CAP BOTOL TEH BUBUK HIJAUPCK 40g', '10000', '12000', 1, NULL),
('8886008101053', 'AQUA BTL 600mL', '2500', '3000', 1, NULL),
('8886008101091', 'AQUA BTL 150ML', '10000', '12000', 1, NULL),
('8886008101336', 'AQUA BTL 330mL', '10000', '12000', 1, NULL),
('8886013223207', 'STT FRENCH 2000 75G', '10000', '12000', 1, NULL),
('8886013281481', 'STT FRENCH 2000 38G', '10000', '12000', 1, NULL),
('8886013304609', 'SOBA SMBL BLADO 24G', '10000', '12000', 1, NULL),
('8886013338604', 'SOBAAYAM BKR 24G', '10000', '12000', 1, NULL),
('8886013456483', 'GO POTATO 60G', '10000', '12000', 1, NULL),
('8886015201111', 'GOOD TIME CLASIC 80G', '10000', '12000', 1, NULL),
('8886015203115', 'GOOD TIME DOUBLE CHIP 80G', '10000', '12000', 1, NULL),
('8886015401030', 'NYAM-NYAM FNTASY STICK CHOCO CUP', '10000', '12000', 1, NULL),
('8886015402037', 'NYAM-NYAM FNTASY STICK SPARKLING ', '10000', '12000', 1, NULL),
('8886015403034', 'NYAM-NYAM FANTASI STRA', '10000', '12000', 1, NULL),
('8886015414061', 'NYAM-NYAM BUBBLEPUFF CHOCO CUP 18G', '10000', '12000', 1, NULL),
('8886015427139', 'ARNOTS TIMTAM VANILA 120G', '10000', '12000', 1, NULL),
('8886015428136', 'ARNOTS TIMTAM COKLAT 120G', '10000', '12000', 1, NULL),
('8886015428235', 'TIM-TAM LONGPCK 20g', '10000', '12000', 1, NULL),
('8886020033431', 'BAGUS KAPUR AJAIB 6\'SPCK ', '10000', '12000', 1, NULL),
('8886020209300', 'BAGUS SIKAT BAJU', '10000', '12000', 1, NULL),
('8886022836245', 'ABC BATERY BIRU 4\'S ', '10000', '12000', 1, NULL),
('8886022910266', 'ABC BATERY 2\'S BESAR (C)', '10000', '12000', 2, 'SUP-001'),
('8886022920258', 'ABC2\'S TANGGUNG PCK', '10000', '12000', 1, NULL),
('8886022941512', 'ALKALINE AAA 2\'S PCK ', '10000', '12000', 1, NULL),
('8886022971298', 'ALKALINE AA-LR6', '10000', '12000', 1, NULL),
('8886057883665', 'KRATINGDAENG ENERGY DRINK REGULER BTL 150mL', '10000', '12000', 1, NULL),
('8888103000613', 'CUSSONS IMPERIAL LEATHER SOAP (RED) CLASSIC BAR 1', '10000', '12000', 1, NULL),
('8888103200013', 'CUSSONS BABY SOAP MILD & GEN BAR 75g', '10000', '12000', 1, NULL),
('8888166321106', 'KHONG GUAN SALTCHEESE 200G', '10000', '12000', 1, NULL),
('8888166330306', 'NISSIN LEMONIA', '10000', '12000', 1, NULL),
('8888166336568', 'NISSIN CRISPY CRAKERS 225G', '10000', '12000', 1, NULL),
('8888166603240', 'SERENA CHOCOLATE SHOT CAKE ', '10000', '12000', 1, NULL),
('8888166603646', 'SERENA RODEO 138G', '10000', '12000', 1, NULL),
('8888166606166', 'KHONGGUAN SUPERCO 138G', '10000', '12000', 1, NULL),
('8888166606227', 'KHONG GUAN MALKIST ABON ', '10000', '12000', 1, NULL),
('8888166607415', 'KHONG GUAN POTATO KRECKER ', '10000', '12000', 1, NULL),
('8888166607927', 'KHONG GUAN MALKIST SEAWEED ', '10000', '12000', 1, NULL),
('8888166609280', 'KHONGGUAN BUGATTI PIZZA 220G', '10000', '12000', 1, NULL),
('8888166842557', 'MONDE GENJI 70G', '10000', '12000', 1, NULL),
('8888166842731', 'MONDE BOURBON', '10000', '12000', 1, NULL),
('8888166842823', 'MONDE PIEBIS 190G', '10000', '12000', 1, NULL),
('8888166989344', 'KHONG GUAN MALKIST CRAKERS ', '10000', '12000', 1, NULL),
('8888166991125', 'MONDE BUTTER COOKIES 150G', '10000', '12000', 1, NULL),
('8888166991484', 'NISSIN BUTER COCONUT', '10000', '12000', 1, NULL),
('8888166993150', 'NISSIN WALENS CHOCOSOES', '10000', '12000', 1, NULL),
('8888166994232', 'MONDE EGG ROLL', '10000', '12000', 1, NULL),
('8888166994683', 'MONDE PIE SAND', '10000', '12000', 1, NULL),
('8888166996076', 'NISSIN KELAPA IJO 220G', '10000', '12000', 1, NULL),
('8888215600541', 'JELLY JOY LECHYPCK', '10000', '12000', 1, NULL),
('8888299758398', 'ALTECO SUPER GLUE 110TUB 3g', '10000', '12000', 1, NULL),
('8888826016175', 'GILLETTE RAZOR VECTOR GANDAPCK ', '10000', '12000', 1, NULL),
('8888826016182', 'GILLETTE CARTRIDGE GANDA VECTOR 2\'SPCK', '10000', '12000', 1, NULL),
('8888826019589', 'GILLETTE RAZOR BLUE II PLUS SINGLEPCS', '10000', '12000', 1, NULL),
('8888900415009', 'LA FONTE SPAGHETTIBOX 225G', '10000', '12000', 1, NULL),
('8888900700006', 'LA FONTE PASTA SAUCE BOLOGNESE PCH 315G', '10000', '12000', 1, NULL),
('8934868015024', 'REXONA DEO LOTION', '10000', '12000', 1, NULL),
('89686000061', 'MIE TELOR 3 AYAM 200G', '10000', '12000', 1, NULL),
('89686010015', 'INDOMIE AYAM BAWAN 69G', '10000', '12000', 1, NULL),
('89686010107', 'INDOMIE KALDU AYAM 65G', '10000', '12000', 1, NULL),
('89686010343', 'INDOMIE SOTO MIE 70G', '10000', '12000', 1, NULL),
('89686010527', 'INDOMIE KARI AYAM 72G', '10000', '12000', 1, NULL),
('89686010718', 'INDOMIEGORENG CABE IJO 85G', '10000', '12000', 1, NULL),
('89686010947', 'INDOMIE GRG PLUS SPECIAL 80g', '10000', '12000', 1, NULL),
('89686011036', 'INDOMIEGRG PEDAS 80g', '10000', '12000', 1, NULL),
('89686043686', 'INDOMIE GRG IGA PENYET 80g', '10000', '12000', 1, NULL),
('89686043983', 'INDOMIE GRG DENDENG BA 90g', '10000', '12000', 1, NULL),
('89686043990', 'INDOMIE SOTO LAMON 90G', '10000', '12000', 1, NULL),
('89686118018', 'ICHI OCHA HONEYBTL 350mL', '10000', '12000', 1, NULL),
('89686386066', 'INDOFOOD RACIK AYAM GOREN PCK 26g', '10000', '12000', 1, NULL),
('89686386110', 'INDOF00D RACIK SAYUR ASEM 33GSAYUR ASEM PCS', '10000', '12000', 1, NULL),
('89686386165', 'INDOFOOD RACIK SYR LODEH PCK 20g', '10000', '12000', 1, NULL),
('89686386219', 'INDOFOOD BUMBU RACIK TUMIS PCK 20g', '10000', '12000', 1, NULL),
('89686386318', 'INDOFOOD BUMBU RACIK SYR SOP PCK 20G', '10000', '12000', 1, NULL),
('89686386462', 'INDOFOOD RACIK IKAN GOREN PCK 20g', '10000', '12000', 1, NULL),
('89686386547', 'INDOFOOD RACIK NASI GOREN PCK 20g', '10000', '12000', 1, NULL),
('89686400427', 'INDOFOOD SAMBAL PEDAS BTL 140mL', '10000', '12000', 1, NULL),
('89686400564', 'INDOFOOD SAMBAL PEDAS MANI BTL 340mL', '10000', '12000', 1, NULL),
('89686401011', 'INDOFOOD SAMBAL ALA BANGKOK ASAM MANIS BTL 140mL', '10000', '12000', 1, NULL),
('89686401721', 'INDOFOOD SAUS TOMATBTL 140mL', '10000', '12000', 1, NULL),
('89686401844', 'INDOFOOD SAMBAL TERASIBTL 190G', '10000', '12000', 1, NULL),
('89686401851', 'INDOFOOD SAMBAL TERASIPCK 10x20G', '10000', '12000', 1, NULL),
('89686420678', 'INDOFOOD KECAP MANIS PCH 600mL', '10000', '12000', 1, NULL),
('89686440089', 'INDOFOOD BUMBU INSTANT GULAI PCK 45g', '10000', '12000', 1, NULL),
('89686440386', 'INDOFOOD RAWON 45G', '10000', '12000', 1, NULL),
('89686440430', 'INDOFOOD BUMBU INSTANT RENDANG PCK 50g', '10000', '12000', 1, NULL),
('89686590036', 'CHIKI BALLS 10G', '10000', '12000', 1, NULL),
('89686596441', 'LAYS RMPT LAUT 35G', '10000', '12000', 1, NULL),
('89686596465', 'LAYS RMPT LAUT 68G', '10000', '12000', 1, NULL),
('89686596564', 'LAYS BBQ 75G', '10000', '12000', 1, NULL),
('89686598025', 'CHITATO SP PANGGANG 35G', '10000', '12000', 1, NULL),
('89686598056', 'CHITATO SP PANGG PCK 68g', '10000', '12000', 1, NULL),
('89686598179', 'CHITATO AYM BBQ 35G', '10000', '12000', 1, NULL),
('89686598186', 'CHITATO AYM BBQ 68G', '10000', '12000', 1, NULL),
('89686598421', 'CHITATO AYM BUMBU 35G', '10000', '12000', 1, NULL),
('89686598476', 'CHITATO AYAM BUMBU 68G', '10000', '12000', 1, NULL),
('89686598599', 'CHITATO SP BUMBU BKR 68G', '10000', '12000', 1, NULL),
('89686598933', 'CHITATO KJ SUPREME 35G', '10000', '12000', 1, NULL),
('89686598957', 'CHITATO KJ SPREME 68G', '10000', '12000', 1, NULL),
('89686600049', 'CHEETOS AYAM BKR 40G', '10000', '12000', 1, NULL),
('89686600223', 'CHEETOS jagung bkr 15gr ', '10000', '12000', 1, NULL),
('89686600247', 'CHEETOS JAGUNG BAKAR 40G', '10000', '12000', 1, NULL),
('89686600810', 'CHEETOS net sea weed 10gr', '10000', '12000', 1, NULL),
('89686611519', 'QTELA SINGKONG ORIGINAL 60G', '10000', '12000', 1, NULL),
('89686611670', 'QTELA SINGKONG BALADO 60G', '10000', '12000', 1, NULL),
('89686611922', 'QTELA TEMPE DAUN JERUK 60G', '10000', '12000', 1, NULL),
('89686834055', 'INDOFOOD SYRUP FREISS ORANGE BTL 600mL', '10000', '12000', 1, NULL),
('89686870015', 'ICHI OCHA BTL 500mL', '10000', '12000', 1, NULL),
('89686910704', 'INDOMIE GRG RENDANG 91G', '10000', '12000', 1, NULL),
('8990090420340', 'BELIA BTL 100m', '10000', '12000', 1, NULL),
('8990121011073', 'BANGO KECAP MANIS BTL 135mL', '10000', '12000', 1, NULL),
('8990800004723', 'ALPENLIBE LOLI strawbwery', '10000', '12000', 1, NULL),
('8990800015200', 'ALPENLIBE LOLI caramel', '10000', '12000', 1, NULL),
('8990800019444', 'ALPENLIBE LOLI banana', '10000', '12000', 1, NULL),
('8991001301017', 'CERES RICE CHOCO CLAS PCK 90G', '10000', '12000', 1, NULL),
('8991001302267', 'CERES RICE CHOCOLATE 90G', '10000', '12000', 1, NULL),
('8991001501028', 'DELFI CHA CHA PEANUT POL PCK 70G', '10000', '12000', 1, NULL),
('8991001501097', 'DELFI CHA CHA PEANUT WAR PCK 70G', '10000', '12000', 1, NULL),
('8991001502919', 'DELFI CHA CHA CRISPY PCK 65G', '10000', '12000', 1, NULL),
('8991001502933', 'CHACHA MINIS', '10000', '12000', 1, NULL),
('8991001503114', 'DELFI CHA CHA MILK PCK 40g', '10000', '12000', 1, NULL),
('8991001770011', 'Selamat Cho Sandw 102gr ', '10000', '12000', 1, NULL),
('8991001780225', 'DELFI TWISTER MINIS BLACK VANI PCK 80 ', '10000', '12000', 1, NULL),
('8991001780232', 'DELFI TWISTER MINIS CHOCO CREA PCK 80 ', '10000', '12000', 1, NULL),
('8991002101630', 'ABC KOPI,GULA PCK 10X31G', '10000', '12000', 1, 'SUP-001'),
('8991002101746', 'ABC KOPI+SUSU+MOCHA 10X27G', '10000', '12000', 1, NULL),
('8991002103221', 'GOOD DAY MOCACINNO BOX 5X20g', '10000', '12000', 1, NULL),
('8991002103238', 'GOOD DAY MOCACINNO 10X ', '10000', '12000', 1, NULL),
('8991002103320', 'GOOD DAY K VANILLA LA BOX 5X20G', '10000', '12000', 1, NULL),
('8991002103528', 'GOOD DAY ORIGINAL BOX 5X20g', '10000', '12000', 1, NULL),
('8991002103764', 'GOOD DAY CAPPUCCINO PCK 10X25G', '10000', '12000', 1, NULL),
('8991002103788', 'GOOD DAY KOPI INSTANT CAPPUCCINO W/COKLAT G BOX 5', '10000', '12000', 1, NULL),
('8991002103825', 'GOOD DAY CHOCOCINNO BOX 5x20g', '10000', '12000', 1, NULL),
('8991002104914', 'KAPAL API KOPI SUSU MOCHA PCK 10x30G', '10000', '12000', 1, NULL),
('8991002105409', 'KAPAL API KOPI BUBUKPCK 380g', '10000', '12000', 1, NULL),
('8991002105423', 'KAPAL API PCK 165G', '10000', '12000', 1, NULL),
('8991002105430', 'KAPAL API KOPI PCK 65g', '10000', '12000', 1, NULL),
('8991002105485', 'KAPAL API SPECIAL MI PCK 10X25g', '10000', '12000', 1, NULL),
('8991002121003', 'GOOD DAY TIRAMISU B BTL 250mL', '10000', '12000', 1, NULL),
('8991002121010', 'GOOD DAY COFFEE DRINK FUNTS.MOCA BTL 250mL', '10000', '12000', 1, NULL),
('8991002121034', 'GOOD DAY MOCCA LATT TPK 200mL', '10000', '12000', 1, NULL),
('8991002121041', 'GOOD DAY CRMEL MACC TPK 200mL', '10000', '12000', 1, NULL),
('8991002121058', 'GOOD DAY WHITE VANI TPK 200ML', '10000', '12000', 1, NULL),
('8991102022361', 'FORMULA SKT GIGI PRO ', '10000', '12000', 1, NULL),
('8991102023139', 'FORMULA SKT GIGI SILVER SOFT', '10000', '12000', 1, NULL),
('8991102100434', 'FORMULA PASTA + SIKAT GIGI SPARKLING BDD 190', '10000', '12000', 1, NULL),
('8991102380706', 'FULLO COKLAT', '10000', '12000', 1, NULL),
('8991102381017', 'FULLO VNLA', '10000', '12000', 1, NULL),
('8991102386180', 'TANGO FUSION 104G', '10000', '12000', 1, NULL),
('8991102750066', 'KLOP PANDAN 96G', '10000', '12000', 1, NULL),
('8991102800020', 'KIRANTI SEHAT DATANG BULANBTL 150mL', '10000', '12000', 1, NULL),
('8991102820288', 'OOPS HOTSA ABON', '10000', '12000', 1, NULL),
('8991111101316', 'JOHNSONS BABY OILBTL 50mL', '10000', '12000', 1, NULL),
('8991111102603', 'JOHNSONS BABY SHAMPOO (A25G) 23010502BTL 100mL', '10000', '12000', 1, NULL),
('8991111111964', 'CLEAN & CLEAR FOAMING FACIAL WASHBTL 50mL', '10000', '12000', 1, NULL),
('8991111112206', 'CLEAN & CLEAR DEEP ACTION CLEANSERTUB 50mL', '10000', '12000', 1, NULL),
('8991115000080', 'ALPENLIEBE CARAMELSAK', '10000', '12000', 1, NULL),
('8991115004019', 'ALPENLIEBE STRAWBWRYSAK', '10000', '12000', 1, NULL),
('8991115010102', 'BIG BABOL CANDY STICK TUTTI FRUT STK 20g', '10000', '12000', 1, NULL),
('8991115012106', 'BIG BABOL STRAWBERRY STK 20g', '10000', '12000', 1, NULL),
('8991115040093', 'HAPPYDENT 10\'SPCK 14g', '10000', '12000', 1, NULL),
('8991115500016', 'GOLIA ACTIVESAK', '10000', '12000', 1, NULL),
('8991115530013', 'GOLIA LEMONSAK', '10000', '12000', 1, NULL),
('8991380700036', 'GARNIER LIGHT FACIAL FOAM PURE LEMON TUB ', '10000', '12000', 1, NULL),
('8991380700548', 'GARNIER LIGHTENING PEEL-OFF MASK PURE LEMON SCT 2', '10000', '12000', 1, NULL),
('8991906101019', 'DJARUM SUPER FILTER 12\'S ', '10000', '12000', 1, NULL),
('8991906101026', 'DJARUM SUPER FILTER 16\'S ', '10000', '12000', 1, NULL),
('8991906101057', 'L A LIGHT BKS 16\'S', '10000', '12000', 1, NULL),
('8991906101071', 'L A MENTHOL BKS 16\'S', '10000', '12000', 1, NULL),
('8991906101101', 'L A ICE BKS 16\'S', '10000', '12000', 1, NULL),
('8991906101170', 'DJARUM R BLACK CAPUCINO ', '10000', '12000', 1, NULL),
('8991906101255', 'DJARUM BLACK MENTOL', '10000', '12000', 1, NULL),
('8991906101316', 'DJARUM BLACK MILD', '10000', '12000', 1, NULL),
('8991906101361', 'DJARUM SUPER MILD 20\'S ', '10000', '12000', 1, NULL),
('8991906101644', 'DJARUM KRETEK COKLAT 12\'S ', '10000', '12000', 1, NULL),
('8991919019950', 'NY. MENEER TELON 30ML ', '10000', '12000', 1, NULL),
('8991977110019', 'MBK POWDER', '10000', '12000', 1, NULL),
('8992003170403', 'ANTANGIN 4\'SSTR', '10000', '12000', 1, NULL),
('8992003782354', 'ANTANGIN JRG ANGIN CAIR )SCT 15mL', '10000', '12000', 1, NULL),
('8992003782453', 'OB HERBAL', '10000', '12000', 1, NULL),
('8992003783337', 'ANTANGIN PERMEN HERBAL 5x2G', '10000', '12000', 1, NULL),
('8992003783399', 'ANTANGIN CAIR GINGER MIN S', '10000', '12000', 1, NULL),
('8992112003012', 'BIOGESIC 4\'SSTR', '10000', '12000', 1, NULL),
('8992112011017', 'ENERVON-C VITAMIN 4\'S', '10000', '12000', 1, NULL),
('8992112025021', 'DECOLGEN OBAT FLU (4\'S) ', '10000', '12000', 1, NULL),
('8992222050142', 'GATSBY WATERGLOSS HARD POT 75g', '10000', '12000', 1, NULL),
('8992222050203', 'GATSBY SUPER HARD POT 75g', '10000', '12000', 1, NULL),
('8992222050241', 'GATSBY HAIR CREAM NORMAL POT 70g', '10000', '12000', 1, NULL),
('8992222050371', 'GATSBY SPRAYKLG 175mL', '10000', '12000', 1, NULL),
('8992222050456', 'GATSBY SHOWER 3 IN 1 FLORAL WOO BTL', '10000', '12000', 1, NULL),
('8992222051262', 'GATSBY ROLL ON FLORAL WOO BTL 50mL', '10000', '12000', 1, NULL),
('8992222051385', 'GATSBY DEEP OCEAN BTL 75mL', '10000', '12000', 1, NULL),
('8992222051422', 'GATSBY WILD FOREST BTL 75mL', '10000', '12000', 1, NULL),
('8992222051606', 'GATSBY HARD & FREE POT 75g', '10000', '12000', 1, NULL),
('8992222051613', 'GATSBY MAT & HARD POT 75g', '10000', '12000', 1, NULL),
('8992222051682', 'GATSBY REFRESHING SPORT BTL 100mL', '10000', '12000', 1, NULL),
('8992222051729', 'GATSBY POWER & SP POT 75g', '10000', '12000', 1, NULL),
('8992222052108', 'GATSBY TOUGH & SHINE POT 75g', '10000', '12000', 1, NULL),
('8992222052993', 'GATSBY WATERGLOSS HYPER SOLI POT 75g', '10000', '12000', 1, NULL),
('8992222310031', 'GLAZELLE INSPIRING BTL 100mL', '10000', '12000', 1, NULL),
('8992304009204', 'GARNIER MEN TURBO LIGHT OIL CONTROL ICY SCRUB TUB', '10000', '12000', 1, NULL),
('8992304010224', 'L\'OREAL SHAMPOO SMOOTH-INTENSEBTL 170mL', '10000', '12000', 1, NULL),
('8992304010293', 'GARNIER LIGHT COMPLETE WHITENING CREAM UVA / UVB', '10000', '12000', 1, NULL),
('8992304014451', 'GARNIER LIGHT COMPLETESCT 8mL', '10000', '12000', 1, NULL),
('8992304015298', 'GARNIER MEN ACNO FIGHT FOAM 6-IN-1 ANTI ACNE TUB', '10000', '12000', 1, NULL),
('8992304047169', 'GARNIER SAKURA FOAM 50ML ', '10000', '12000', 1, NULL),
('8992304049743', 'GARNIER SKIN NATURALIS SAKURA ', '10000', '12000', 1, NULL),
('8992388111206', 'ABC PEDAS GULAI AYM. PCK 70g', '10000', '12000', 1, NULL),
('8992388121267', 'ABC PEDAS GULAI AYAM CUP 60g', '10000', '12000', 1, NULL),
('8992628020152', 'BIMOLI PCH 2000mL', '10000', '12000', 1, NULL),
('8992628022156', 'BIMOLI PCH 1000mL', '10000', '12000', 1, NULL),
('8992628026147', 'BIMOLI BTL 250mL', '10000', '12000', 1, NULL),
('8992628032155', 'BIMOLI SPECIAL PCH 2000mL', '10000', '12000', 1, NULL),
('8992695203441', 'INSTO BTL 7,5mL', '10000', '12000', 1, NULL),
('8992696404441', 'BEAR BRAND KLG 189mL', '10000', '12000', 1, NULL),
('8992696405417', 'DANCOW SCT 27GR', '10000', '12000', 1, NULL),
('8992696429970', 'CARNATION SKM KLG 375G', '10000', '12000', 1, NULL),
('8992702000018', 'INDOMILK SKM PUTIH KLG 375g', '10000', '12000', 1, NULL),
('8992702000025', 'CAP ENAKSKM PUTIH KLG 375g', '10000', '12000', 1, NULL),
('8992702000063', 'INDOMILK SKM CHOCOLATE KLG 375g', '10000', '12000', 1, NULL),
('8992702000179', 'KREMER KENTAL MANISKLG 375G', '10000', '12000', 1, NULL),
('8992702005945', 'INDOMILK Coklat BTL 190mL', '10000', '12000', 1, NULL),
('8992702005976', 'INDOMILK STRAWBERRY BTL 190mL', '10000', '12000', 1, NULL),
('8992714041061', 'CALPICO WHITE BTL 70mL', '10000', '12000', 1, NULL),
('8992714042068', 'CALPICO STRWB+BLCK BTL 70mL', '10000', '12000', 1, NULL),
('8992714043065', 'CALPICO ANGGUR&BLU BTL 70mL', '10000', '12000', 1, NULL),
('8992716108816', 'BISKUAT ORI 176G', '10000', '12000', 1, NULL),
('8992716109172', 'BISKUAT BOLU COKLAT PCK 16.6g', '10000', '12000', 1, NULL),
('8992716109462', 'BISKUAT BOLU PANDAN', '10000', '12000', 1, NULL),
('8992717880186', 'KARA SANTAN KELAPA SIAP PAKAITPK 200mL', '10000', '12000', 1, NULL),
('8992726938199', 'INACO JELLY MINI (15\'S)PCK ', '10000', '12000', 1, NULL),
('8992726938298', 'INACO JELLY MINI (5\'S)PCK ', '10000', '12000', 1, NULL),
('8992727000048', 'LAURIER SPR MXI nonwing 8\'s', '10000', '12000', 1, NULL),
('8992727000055', 'LAURIER 10\'S SPR MXI NONWING', '10000', '12000', 1, NULL),
('8992727001076', 'LAURIER PANTY LINERS 20\'S ', '10000', '12000', 1, NULL),
('8992727001328', 'KAO BIORE BODY FOAM REFILL DAILY ANTI PCH 250mL', '10000', '12000', 1, NULL),
('8992727002479', 'KAO ATTACK POWDER PLUS SOFTENERPCK 800g', '10000', '12000', 1, NULL),
('8992727002554', 'KAO BIORE BODY FOAM REFFIL WHITENING PCH 450mL', '10000', '12000', 1, NULL),
('8992727002998', 'LAURIER SPR MXI wing 10', '10000', '12000', 1, NULL),
('8992727003070', 'ATTACK EASY PURPLE 700G', '10000', '12000', 1, NULL),
('8992727003087', 'LAURIER RELAX NIGHT 35CM 6\'S', '10000', '12000', 1, NULL),
('8992727003094', 'LAURIER RELAX NIGH WING35cm 12\'s', '10000', '12000', 1, NULL),
('8992727003537', 'KAO BIORE FACIAL FOAM MEN DOUBLE SCRB BLACK WHIT', '10000', '12000', 1, NULL),
('8992727003803', 'ATTACK EASY RMTIC 7009 ', '10000', '12000', 1, NULL),
('8992727003834', 'BIORE MENS BLASH 250ML ', '10000', '12000', 1, NULL),
('8992727003841', 'KAO BIORE BODY FOAM MENS SPARKLING PCH 450mL', '10000', '12000', 1, NULL),
('8992727003889', 'KAO BIORE BODY FOAM REFILL LIVELY REF PCH 450mL', '10000', '12000', 1, NULL),
('8992727003896', 'KAO BIORE BODY FOAM CHARMING 100mL', '10000', '12000', 1, NULL),
('8992727003926', 'KAO BIORE BODY FOAM REFILL CHARMING F PCH 450mL', '10000', '12000', 1, NULL),
('8992727004442', 'BIORE HAND SOAP FRUTY 250ML', '10000', '12000', 1, NULL),
('8992727004466', 'BIORE HAND SOAP FRES 250ML', '10000', '12000', 1, NULL),
('8992727004831', 'KAO BIORE BODY FOAM SWEET PEAC BTL 250mL', '10000', '12000', 1, NULL),
('8992727005104', 'BIORE MENS COOL OIL ', '10000', '12000', 1, NULL),
('8992727005128', 'BIORE WHITE ENERGY FOAM ', '10000', '12000', 1, NULL),
('8992727005272', 'ATTACK JAZ1 BUNGA 57GR SCT', '10000', '12000', 1, NULL),
('8992727005289', 'ATTACK JAZ1 900G', '10000', '12000', 1, NULL),
('8992736010168', 'SASA TEPUNG PISANG GORENG VANILLA', '10000', '12000', 1, NULL),
('8992745120186', 'HIT ALAT ANTI NYAMUK ELEKTR KOTAK GRATIS 3 MAT PC ', '10000', '12000', 1, NULL),
('8992745120247', 'HIT MAT CLASSIC BTL 45', '10000', '12000', 1, NULL),
('8992745120421', 'HIT SPRAY GREEN TEA KLG 600mL', '10000', '12000', 1, NULL),
('8992745120476', 'HIT SPRAY ORANGE KLG 600mL', '10000', '12000', 1, NULL),
('8992745120537', 'HIT CAIR CLASSIC PCH 700', '10000', '12000', 1, NULL),
('8992745120964', 'HIT SPRAY LEMON KLG 600mL', '10000', '12000', 1, NULL),
('8992745140573', 'HIT MAT ELECTRIC ANTI NYAMUK 18+3S FLORAL BOX', '10000', '12000', 1, NULL),
('8992745140689', 'HIT ALAT ELEK & REFILL', '10000', '12000', 1, NULL),
('8992753005482', 'FRISIAN FLAG CHOCOLATE TPK 1000mL', '10000', '12000', 1, NULL),
('8992753005499', 'FRISIAN FLAG FULL CREAM TPK 1000mL', '10000', '12000', 1, NULL),
('8992753013234', 'FRISIAN FLAG FRUITY STRAWBERRY PCK 70mL', '10000', '12000', 1, NULL),
('8992753018796', 'FRISIAN FLAG SUSU CAIR LOW FAT COKELAT TPK 250mL', '10000', '12000', 1, NULL),
('8992753031900', 'FRISIAN FLAG PUTIHPCK 6x40G', '10000', '12000', 1, NULL),
('8992753033645', 'FRISIAN FLAG KID COKELAT TPK 115mL', '10000', '12000', 1, NULL),
('8992753033652', 'FRISIAN FLAG KID STROBERI TPK 115mL', '10000', '12000', 1, NULL),
('8992753034246', 'FRISIAN FLAGMILKY COKELAT PCK 70mL', '10000', '12000', 1, NULL),
('8992753100101', 'FRISIAN FLAG GOLD KLG 375', '10000', '12000', 1, NULL),
('8992753100309', 'FRISIAN FLAG GOLD PCK 6×4', '10000', '12000', 1, NULL),
('8992753101207', 'FRISIAN FLAG PUTIH KLG 375g', '10000', '12000', 1, NULL),
('8992753102204', 'FRISIAN FLAG COKLAT KLG 375g', '10000', '12000', 1, NULL),
('8992753102303', 'FRISIAN FLAG COKLAT PCK 6X40g', '10000', '12000', 1, NULL),
('8992753172207', 'FRISIAN FLAG DISNEY CHOCOLATE BTL 180mL', '10000', '12000', 1, NULL),
('8992753174201', 'FRISIAN FLAG DISNEY STRAWBERRY BTL 180m', '10000', '12000', 1, NULL),
('8992753182008', 'FRISIAN FLAG SUSU CAIR UHT DISNEY CHOCO TPK 115mL', '10000', '12000', 1, NULL),
('8992753182206', 'FRISIAN FLAG SUSU CAIR UHT DISNEY CHOCO TPK 180mL', '10000', '12000', 1, NULL),
('8992753372003', 'FRISIAN FLAG FRUITY GRAPE BTL 70mL', '10000', '12000', 1, NULL),
('8992753374007', 'FRISIAN FLAG FRUITY STRAWBERRY BTL 70mL', '10000', '12000', 1, NULL),
('8992759130041', 'LARISST TISSUE TRAVEL PACK 50\'SPCK', '10000', '12000', 1, NULL),
('8992759210941', 'LARISST CORELESS TISSUE 10\'SBAG ', '10000', '12000', 1, NULL),
('8992759320268', 'LARISST TISU MKN 100\'SPCK ', '10000', '12000', 1, NULL),
('8992760121014', 'KRAFT SANDWICH OREOPCK 29.4G', '10000', '12000', 1, NULL),
('8992760121090', 'KRAFT SANDWICH OREO DOUBLE DELIGHT PEANUT&CHO PCK ', '10000', '12000', 1, NULL),
('8992760223015', 'KRAFT SANDWICH OREO COKLAT (VA PCK 137G', '10000', '12000', 1, NULL),
('8992761122317', 'FRESTEA GREEN BTL 500mL', '10000', '12000', 1, NULL),
('8992761122324', 'FRESTEA MELA BTL 500mL', '10000', '12000', 1, NULL),
('8992761122331', 'FRESTEA APEL BTL 500mL', '10000', '12000', 1, NULL),
('8992761122348', 'FRESTEA MARKISA BTL 500mL', '10000', '12000', 1, NULL),
('8992761122430', 'FRESTEA GREEN MADU BTL 500mL', '10000', '12000', 1, NULL),
('8992761122485', 'AQUARIUS ', '10000', '12000', 1, NULL),
('8992761136017', 'COCA COLA 1500mL', '10000', '12000', 1, NULL),
('8992761136055', 'FANTA SOFT DRINK STRAWBERRY PET 1500mL', '10000', '12000', 1, NULL),
('8992761147013', 'COCA COLA 425mL', '10000', '12000', 1, NULL),
('8992761147037', 'FANTA STRAWBERRY PET 425mL', '10000', '12000', 1, NULL),
('8992761147051', 'FANTA ORANGE PET 425mL', '10000', '12000', 1, NULL),
('8992761147129', 'FANTA GRAPE 425ML', '10000', '12000', 1, NULL),
('8992765101004', 'GILLETTE BLADES GOAL 5\'S RED BOX', '10000', '12000', 1, NULL),
('8992765301008', 'GILLETTE RAZOR GOAL II YELLOW SINGLEPCS', '10000', '12000', 1, NULL),
('8992770033192', 'MASAKO AYAM PCK 6x11G', '10000', '12000', 1, NULL),
('8992770033208', 'MASAKO SAPI PCK 6x11G', '10000', '12000', 1, NULL),
('8992770054036', 'SAJIKU NSI GRG PDAS ', '10000', '12000', 1, NULL),
('8992770111005', 'MAYUMIPCK 100g', '10000', '12000', 1, NULL),
('8992772106016', 'FORCE MAGIC INSEKTISIDA SPRAY LEMON KLG 600mL', '10000', '12000', 1, NULL),
('8992772123068', 'ADEM SARI BOX 6X7G', '10000', '12000', 1, NULL),
('8992772193054', 'KISPRAY PELICIN PAKAIAN AMORIS BOX 4X24mL', '10000', '12000', 1, NULL),
('8992772193078', 'KISPRAY PELICIN PAKAIAN VIOLET BOX 4X24mL', '10000', '12000', 1, NULL),
('8992772195089', 'KISPRAY PELICIN PAKAIAN VIOLET BTL 318mL', '10000', '12000', 1, NULL),
('8992772198042', 'KISPRAY VIOLET300mL', '10000', '12000', 1, NULL),
('8992772485012', 'COOLANT ', '10000', '12000', 1, NULL),
('8992772585026', 'ADEM SARI CK BTL 350mL', '10000', '12000', 1, NULL),
('8992772586016', 'ADEM SARI CK KLG 320mL', '10000', '12000', 1, NULL),
('8992775110126', 'GARUDA KACANG GARINGPCK 250G', '10000', '12000', 1, NULL),
('8992775110133', 'GARUDA KACANG GARINGPCK 75G', '10000', '12000', 1, NULL),
('8992775204009', 'GARUDA KACANG ATOMPCK 130G', '10000', '12000', 1, NULL),
('8992775210222', 'GARUDA KCG ATOM PEDAS PCK 100g', '10000', '12000', 1, NULL),
('8992775211410', 'GARUDA SNACK PILUS PEDAS PCK 95g', '10000', '12000', 1, NULL),
('8992775212110', 'GARUDA KACANG TELURPCK 100G', '10000', '12000', 1, NULL),
('8992775311608', 'GERY CHOCOLATOSPCS 16/14.5g', '10000', '12000', 1, NULL),
('8992775317303', 'GERY DONUT 96G', '10000', '12000', 1, NULL),
('8992779111907', 'GLADE BATH LAVN PCK 75gr', '10000', '12000', 1, NULL),
('8992779140402', 'GLADE 2 IN 1 FRESH LEMO KLG 350mL', '10000', '12000', 1, NULL),
('8992779266003', 'KIT MOTOR SHAMPOOBDD 6x15mL', '10000', '12000', 1, NULL),
('8992779267901', 'KIT CAR SHAMPOO WASH & GLOWPCH 800mL', '10000', '12000', 1, NULL),
('8992779269103', 'KIT MOTOR MULTI GUNA PUMPBTL 100mL', '10000', '12000', 1, NULL),
('8992779270109', 'KIT VINLY PROTECTANT HIGH GLOSS BTL 175mL', '10000', '12000', 1, NULL),
('8992779442902', 'BAYFRESH GRAPE', '10000', '12000', 1, NULL),
('8992779443909', 'BAYFRESH APPLE SPLASH', '10000', '12000', 1, NULL),
('8992779444906', 'BAYFRESH ORANGE', '10000', '12000', 1, NULL),
('8992796011341', 'VIVA FACE TONIC BENGK 100ML', '10000', '12000', 1, NULL),
('8992799154014', 'DULCOLAX 4\'SSTR', '10000', '12000', 1, NULL),
('8992825124172', 'CHOKOKU UMBRELLA VANIL', '10000', '12000', 1, NULL),
('8992828183886', 'LASERIN OBAT BATUKBTL 110mL', '10000', '12000', 1, NULL),
('8992832150010', 'BELLAGIO HOME STAMINA KLG 80mL', '10000', '12000', 1, NULL),
('8992832150041', 'BELLAGIO HOME RAVE CULTU KLG 80mL', '10000', '12000', 1, NULL),
('8992832601161', 'CASABLANCA AQUA BTL 100mL', '10000', '12000', 1, NULL),
('8992832601192', 'CASABLANCA CLASSIC BTL 100mL', '10000', '12000', 1, NULL),
('8992832601444', 'CASABLANCA HITAM KLG 100mL', '10000', '12000', 1, NULL),
('8992832601451', 'CASABLANCA PUTIH KLG 100mL', '10000', '12000', 1, NULL),
('8992832601499', 'CASABLANCA MERAH KLG 100mL', '10000', '12000', 1, NULL),
('8992832601635', 'CASABLANCA DEO WOMAN', '10000', '12000', 1, NULL),
('8992832601666', 'CASABLANCA DEO MEN BLUE ', '10000', '12000', 1, NULL),
('8992832602144', 'CASABLANCA INTENSE BTL 100mL', '10000', '12000', 1, NULL),
('8992832602168', 'CASABLANCA DYNAMIC BTL 10 ', '10000', '12000', 1, NULL),
('8992843100301', 'BETADINE BTL 30mL', '10000', '12000', 1, NULL),
('8992843103050', 'BETADINE 5ML', '10000', '12000', 1, NULL),
('8992856895850', 'DIRECT MEN JR DEEP BLUE BTL', '10000', '12000', 1, NULL),
('8992856897410', 'IZZI DEO SPRAY FIRST CRUSH SECRET LOV KLG 100mL', '10000', '12000', 1, NULL),
('8992858233506', 'HANDY CLEAN', '10000', '12000', 1, NULL),
('8992858527308', 'HYDRO COCO TPK 250mL', '10000', '12000', 1, NULL),
('8992858544817', 'KALPANAX OBAT PANU CAIRBTL 10mL', '10000', '12000', 1, NULL),
('8992858627619', 'FATIGON C-PLUS KAPSUL MULTIVITAMIN (4\'S)STR', '10000', '12000', 1, NULL),
('8992863500105', 'HOLISTICARE EFFERVESCENT VIT.& MINERAL 10S ORANGE', '10000', '12000', 1, NULL),
('8992863661035', 'HOLISTICARE ESTER C 4\'SSTR ', '10000', '12000', 1, NULL),
('8992866110608', 'BIGEN BLACK BTL 6G', '10000', '12000', 1, NULL),
('8992933424119', 'AGARRASA COKLAT 22GR', '10000', '12000', 1, NULL),
('8992933453119', 'ANGET SARI SUSU JAHEPCK 10x28g', '10000', '12000', 1, NULL),
('8992946522369', 'DREAM WHITENING FACIAL SOAP PAPAYA BAR 100G', '10000', '12000', 1, NULL),
('8992957214307', 'L\'AGIE HEGEL-SLAG SAFARI POLOS PCK 100g', '10000', '12000', 1, NULL),
('8993005116024', 'JF SULFUR BAR 90G', '10000', '12000', 1, NULL),
('8993005123015', 'CALADINE LOTIONBTL 60mL', '10000', '12000', 1, NULL),
('8993005124029', 'CALADINE BEDAKBTL 100g', '10000', '12000', 1, NULL),
('8993007000086', 'INDOMILK COKLAT TPK 1000mL', '10000', '12000', 1, NULL),
('8993007000215', 'INDOMILK KIDS VANILLA TPK 115mL', '10000', '12000', 1, NULL),
('8993007000239', 'INDOMILK KIDS COKELAT TPK 115mL', '10000', '12000', 1, NULL),
('8993007000253', 'INDOMILK KIDS STRAWBERRY TPK 115mL', '10000', '12000', 1, NULL),
('8993007000680', 'INDOMILK PLAIN TPK 1000mL', '10000', '12000', 1, NULL),
('8993007001694', 'INDOMILK SKM PUTIH PCK 6X40g', '10000', '12000', 1, NULL),
('8993007001700', 'INDOMILK SKM COKLAT PCK 6X42g', '10000', '12000', 1, NULL),
('8993014730129', 'MADURASA JERUK BOX 12X20mL', '10000', '12000', 1, NULL),
('8993027111601', 'HAPPYTOS MERAH PCK 160G', '10000', '12000', 1, NULL),
('8993027121600', 'HAPPYTOS HIJAU PCK 160G', '10000', '12000', 1, NULL),
('8993031150023', 'BUDY JAM STRAWBERRY CUP 150g', '10000', '12000', 1, NULL),
('8993039111255', 'REGAL MARIE 125G', '10000', '12000', 1, NULL),
('8993039112504', 'REGAL MARIE 250G', '10000', '12000', 1, NULL),
('8993058000653', 'EXTRA JOSS PCK 6X4G', '10000', '12000', 1, NULL),
('8993058000929', 'BINTANG TOEDJOE PUYER SAKIT KEPALA 12\'SBDD', '10000', '12000', 1, NULL),
('8993058301200', 'KOMIX SCT 7m', '10000', '12000', 1, NULL),
('8993072153595', 'LARISST KAPAS 35G', '10000', '12000', 1, NULL),
('8993111112507', 'KAPAL GARAM MEJA YODIUMPCK 250g', '10000', '12000', 1, NULL),
('8993118622603', 'mie kremes balado', '10000', '12000', 1, NULL),
('8993118622610', 'mie kremes keju', '10000', '12000', 1, NULL),
('8993176110074', 'CAP LANG KAYU PUTIHBTL 60mL', '10000', '12000', 1, NULL),
('8993176110081', 'CAP LANG MINYAK KAYU PUTIHBTL 30mL', '10000', '12000', 1, NULL),
('8993176110098', 'CAP LANG KAYU PUTIH 15ML', '10000', '12000', 1, NULL),
('8993176110111', 'CAP LANG GPU BTL 30mL', '10000', '12000', 1, NULL),
('8993176111279', 'CAP LANG MINYAK KAYU PUTIH AROMA THER BTL 60mL', '10000', '12000', 1, NULL),
('8993176120028', 'CAP LANG BALSAM HIJAU POT 20g', '10000', '12000', 1, NULL),
('8993176812022', 'GELIGA BALSAM 20g', '10000', '12000', 1, NULL),
('8993189230103', 'CHARM 29CM 10 NIGHT WING', '10000', '12000', 1, NULL),
('8993189270260', 'CHARM NIGHT 35CM 6\'S WING', '10000', '12000', 1, NULL),
('8993189270291', 'CHARM BODY FIT 10\'S EXT.MAXI NONWING ', '10000', '12000', 1, NULL),
('8993189270338', 'CHARM BODY FIT 10\'S EXTRA MAXI WING ', '10000', '12000', 1, NULL),
('8993189272110', 'CHARM BODY FIT 16/12\'S SLIM LONG PCK ', '10000', '12000', 1, NULL),
('8993200661299', 'CIMORY lychee PCS', '10000', '12000', 1, NULL),
('8993200661305', 'CIMORY STRAWBERRY', '10000', '12000', 1, NULL),
('8993200661312', 'CIMORY ANGGUR', '10000', '12000', 1, NULL),
('8993200661336', 'CIMORY MANGGA', '10000', '12000', 1, NULL),
('8993200661343', 'CIMORY JAMBU', '10000', '12000', 1, NULL),
('8993200661350', 'CIMORY MIX FRUIT', '10000', '12000', 1, NULL),
('8993200661657', 'CIMORY BLUEBERY', '10000', '12000', 1, NULL),
('8993200663057', 'CIMORY MIX BERY', '10000', '12000', 1, NULL),
('8993212111089', 'COMBANTRIN 2\'S', '10000', '12000', 1, NULL),
('8993296101112', 'CAKRA KEMBAR TEPUNG TERIGUPCK 1000g', '10000', '12000', 1, NULL),
('8993296301116', 'KUNCI BIRU TEPUNG TERIGUPCK 1000g', '10000', '12000', 1, NULL),
('8993322104254', 'BOTAN SARDINES PREMIUM IN TOMATO KLG 425G', '10000', '12000', 1, NULL),
('8993335514149', 'BU KRIM BAG 400 ', '10000', '12000', 1, NULL),
('8993366201216', 'DIXI CUKABTL 150mL', '10000', '12000', 1, NULL),
('8993379200886', 'HARMONY ORANGE', '10000', '12000', 1, NULL),
('8993417170119', 'B&B KIDS SHAMPOO & CONDITIONER STRAWBERRY BTL 100', '10000', '12000', 1, NULL),
('8993417176227', 'B&B KIDS BODY POWDER BLOSSOM STRAWBERRY BTL 150g', '10000', '12000', 1, NULL),
('8993417200014', 'ELLIPS (KUNING) SMOOTH & S PCK 6X1mL', '10000', '12000', 1, NULL),
('8993417200021', 'ELLIPS (PINK) HAIR TREAT PCK 6X1mL', '10000', '12000', 1, NULL),
('8993417200038', 'ELLIPS (ungu) COLO PCK 6X1mL', '10000', '12000', 1, NULL),
('8993417200045', 'ELLIPS SHINY BLAC PCK 6X1mL', '10000', '12000', 1, NULL),
('8993417372223', 'ESKULIN KIDS DONALD BLUE BTL', '10000', '12000', 1, NULL),
('8993417372230', 'ESKULIN KIDS MINNIE PINK ', '10000', '12000', 1, NULL),
('8993417390234', 'ESKULIN KIDS SHAMPOO & COND MINNIE PINK ', '10000', '12000', 1, NULL),
('8993417402227', 'ESKULIN (BIRU) CINDERELLA', '10000', '12000', 1, NULL),
('8993417402241', 'ESKULIN (MERAH) MULAN BTL ', '10000', '12000', 1, NULL),
('8993417412240', 'ESKULIN SNOW WHITE BTL 125mL', '10000', '12000', 1, NULL),
('8993478101053', 'ACTIFED PILEK&BATUK GATAL KERINGBTL 60mL', '10000', '12000', 1, NULL),
('8993478101077', 'ACTIFED PILEK&BATUK BERDAHAKBTL 60mL', '10000', '12000', 1, NULL),
('8993481210278', 'SHARON MULTISTAR', '10000', '12000', 1, NULL),
('8993481210865', 'SHARON STOWBERRY', '10000', '12000', 1, NULL),
('8993496106504', 'FORTUNE MINYAK GORENG REFILLPCH 1000mL', '10000', '12000', 1, NULL),
('8993498210230', 'ANTIMO 10\'SSTR', '10000', '12000', 1, NULL),
('8993539111205', 'AIR CUP 600 BTL ', '10000', '12000', 1, NULL),
('8993539322779', 'AIR CUP JUMBO 1500 BTL', '10000', '12000', 1, NULL),
('8993560022020', 'DETTOL LIQUID BTL 100mL', '10000', '12000', 1, NULL),
('8993560026004', 'DETTOL BODY WASH ANTISEPTIC ORIGINAL PCH 250mL', '10000', '12000', 1, NULL),
('8993560026011', 'DETTOL BODY WASH ANTISEPTIC FRESH PCH 250mL', '10000', '12000', 1, NULL),
('8993560026400', 'DETTOL BODY WASH ANTI BAKTERI ORIGINAL BTL 125mL', '10000', '12000', 1, NULL),
('8993560026417', 'DETTOL BODY WASH ANTI BAKTERI COOL BTL 125mL', '10000', '12000', 1, NULL),
('8993560027230', 'DETTOL HAND WASH ANTI BAKTERI SKINCARE PCH 200mL', '10000', '12000', 1, NULL),
('8993560027247', 'DETTOL INSTANT HAND SANITISERBTL 50mL', '10000', '12000', 1, NULL),
('8993560033002', 'HARPIC BTL', '10000', '12000', 1, NULL),
('8993576700141', 'GOOD DEAL LILIN 8\'SBOX ', '10000', '12000', 1, NULL),
('8993988060062', 'JOYKO CUTTER L-500PCS', '10000', '12000', 1, NULL),
('8993988090021', 'JOYKO ERASER 526 B20 WHITE PCS', '10000', '12000', 1, NULL),
('8993988355007', 'JOYKO STAPLES', '10000', '12000', 1, NULL),
('8993989311699', 'CLAS MILD 16\'S', '10000', '12000', 1, NULL),
('8994096210561', 'INDOMARET COTTON BUDS REFFIL 100\'SPCK', '10000', '12000', 1, NULL),
('8994096210578', 'INDOMARET COTTON BUDS REFFIL 100\'S BABY PCK ', '10000', '12000', 1, NULL),
('8994096212886', 'LARISST GULA PASIR PUTIH 500g', '10000', '12000', 1, NULL),
('8994096215467', 'LARISST GULA PASIR 1kg ', '10000', '12000', 1, NULL),
('89941225', 'ABSOLUTE F BTL 60mL', '10000', '12000', 1, NULL),
('8994591080010', 'CDR FORTOS 10\'S JERUK TUB', '10000', '12000', 1, NULL),
('8994755020241', 'NYAM-NYAM BUBBLE STRAW CUP 18G', '10000', '12000', 1, NULL),
('8994755020258', 'NYAM-NYAM BUBBLE BLUEBERRY 18G', '10000', '12000', 1, NULL),
('8994755020265', 'NYAM-NYAM FNTASY STICK BLUEBERRY ', '10000', '12000', 1, NULL),
('8994755020326', 'ARNOTS NYAM-NYAM ICE 28G', '10000', '12000', 1, NULL),
('8994755030240', 'GOOD TIME COOKIES COFFEE PCK 80g', '10000', '12000', 1, NULL),
('8994755030264', 'GOOD TIME BROWNIES 76G', '10000', '12000', 1, NULL),
('8994755030417', 'GOOD TIME MINI CLASIC CUP 45G', '10000', '12000', 1, NULL),
('8994834000652', 'GO MALKIST COKLAT 234G', '10000', '12000', 1, NULL),
('8994834002410', 'GORIORIO MAGIC 150G', '10000', '12000', 1, NULL),
('8995026802023', 'ENKASARI 120mL', '10000', '12000', 1, NULL),
('8995077600166', 'SUKRO PCK 140g', '10000', '12000', 1, NULL),
('8995077600807', 'DUA KELINCI SNACK PILUS TIC TACPCK 100G', '10000', '12000', 1, NULL),
('8995077601514', 'DUA KELINCI SNACK PILUS TIC TAC SAPI PANGG PCK 10 ', '10000', '12000', 1, NULL),
('8995077602658', 'DUA KELINCI KACANG MIX NUTPCK 75g', '10000', '12000', 1, NULL),
('8995077603808', 'deka crepes', '10000', '12000', 1, NULL),
('8995177101112', 'GULAKU(PUTIH) PCK 1KG', '10000', '12000', 1, NULL),
('8995201800196', 'CONTERPAIN 5GR', '10000', '12000', 1, NULL),
('8995227500230', 'CAP KAKI 3 KLG ANGGUR', '10000', '12000', 1, NULL),
('8995757452030', 'KIKY AMPLOP COKLAT POLOS 303/10\'S 125GPCK 11.9×2', '10000', '12000', 1, NULL),
('8995858111010', 'FATIGON SPIRIT SUPLEMEN PENAMBAH TENAGA 5\'SSTR', '10000', '12000', 1, NULL),
('8995858899888', 'FATIGON KAPSUL VITAMIN (4\'S)STR ', '10000', '12000', 1, NULL),
('8995899110119', 'KOBE TEPUNG PCK 90G', '10000', '12000', 1, NULL),
('8995899250310', 'KOBE BON CABE CABAI KERING BERBUMBU ORIGINAL BTL', '10000', '12000', 1, NULL),
('8995899250341', 'KOBE BON CABE SAMBAL TABUR LEVEL 15 BTL 45g', '10000', '12000', 1, NULL),
('8996001301142', 'ROMA BISKUIT KELAPA 300G', '10000', '12000', 1, NULL),
('8996001301661', 'ROMA COFFEE JOY', '10000', '12000', 1, NULL),
('8996001302026', 'ROMA MALKIST CRACKERD', '10000', '12000', 1, NULL),
('8996001302248', 'ROMA SARI GANDUM', '10000', '12000', 1, NULL),
('8996001302323', 'ROMA MALKIST ABON', '10000', '12000', 1, NULL),
('8996001304990', 'ROMA SARI GANDUM SANWICH COKLAT', '10000', '12000', 1, NULL),
('8996001320051', 'KOPIKO CANDYPCK 150g', '10000', '12000', 1, NULL),
('8996001326220', 'KIS CANDY MINT CHERRY PCK 125g', '10000', '12000', 1, NULL),
('8996001340448', 'KOPIKO CANDY COFFEE STK 40g', '10000', '12000', 1, NULL),
('8996001355756', 'BENG-BENG MAXX 32g', '10000', '12000', 1, NULL),
('8996001440049', 'ENERGEN CHOCOLATE RCG 10X30G', '10000', '12000', 1, NULL),
('8996001440087', 'ENERGEN KACANG HIJ RCG 10X32g', '10000', '12000', 1, NULL),
('8996001440124', 'ENERGEN VANILLA RCG 10X30G', '10000', '12000', 1, NULL),
('8996001440353', 'ENERGEN JAHE RCG 10X30G', '10000', '12000', 1, NULL),
('8996001600221', 'KOPIKO COFFEE LATTE 78CBTL 250mL', '10000', '12000', 1, NULL),
('8996196000257', 'PIATTOS BBQ 50G', '10000', '12000', 1, NULL),
('8996196000356', 'PIATTOS SP PANGGANG 12G', '10000', '12000', 1, NULL),
('8996196002954', 'PIATTOS RUMPUT LAUT 85GR', '10000', '12000', 1, NULL),
('8996196102555', 'DYNAMITE SAK', '10000', '12000', 1, NULL),
('8997004301146', 'OISHI RIN BEE KEJU', '10000', '12000', 1, NULL),
('8997004301184', 'OISHI UDANG PEDAS 70GR', '10000', '12000', 1, NULL),
('8997021870014', 'FRESH CARE MINYAK ANGIN AROMA THERAPYBTL 10mL', '10000', '12000', 1, NULL),
('8997021870052', 'FRESH CARE GREEN TEA ', '10000', '12000', 1, NULL),
('8997021870151', 'FRESH CARE MINYAK ANGIN AROMA THERAPY STRONG BTL', '10000', '12000', 1, NULL),
('8997021870328', 'HOT IN CREAM BTL 120mL', '10000', '12000', 1, NULL),
('8997025060008', 'BIG SOFT DRINK COLA BTL 535mL', '10000', '12000', 1, NULL),
('8997025060039', 'BIG SOFT DRINK STRAWBERRY BTL 535mL', '10000', '12000', 1, NULL),
('8997025060091', 'BIG SOFT DRINK LIME BTL 535mL', '10000', '12000', 1, NULL),
('8997032680329', 'TARO 3D JUNGLE CHIC 40G', '10000', '12000', 1, NULL),
('8998009020179', 'BUAVITA ORANGE TPK 250mL', '10000', '12000', 1, NULL),
('8998009020186', 'BUAVITA JAMBU TPK 250mL', '10000', '12000', 1, NULL),
('8998009020193', 'BUAVITA MANGGA TPK 250mL', '10000', '12000', 1, NULL),
('8998009020216', 'BUAVITA LYCHEE TPK 250mL', '10000', '12000', 1, NULL),
('8998009020223', 'BUAVITA APPLE TPK 250mL', '10000', '12000', 1, NULL),
('8998009020308', 'BUAVITA JUICE GUAVA TPK 1000mL', '10000', '12000', 1, NULL),
('8998009070044', 'KRAFT CHEESE SINGLE SLICE 6\'S PLAIN PCK 100g', '10000', '12000', 1, NULL),
('8998009080500', 'KRAFT KEJU CHEDDAR OLAHANBOX 175g', '10000', '12000', 1, NULL),
('8998103000534', 'CUSSONS BABY SOAP SOFT & SMO BAR 75g', '10000', '12000', 1, NULL),
('8998103001579', 'CUSSONS PASTA GIGI KIDS STRAWBERRY TUB 45G', '10000', '12000', 1, NULL),
('8998103004495', 'CUSSONS BABY OIL SOFT & SMO BTL 100mL', '10000', '12000', 1, NULL),
('8998103011813', 'CUSSONS BABY POWDER BLUE/B SMOOTHIE BTL 100G', '10000', '12000', 1, NULL),
('8998127514123', 'DUNHILL MILDBKS 20\'S', '10000', '12000', 1, NULL),
('89981757', 'DUNHILL (MERAH)', '10000', '12000', 1, NULL),
('89981764', 'DUNHILL MILDBKS 20\'S biru ', '10000', '12000', 1, NULL),
('89981788', 'DUNHILL MILDBKS 20\'S mentol ', '10000', '12000', 1, NULL),
('8998181941132', 'DUNHILL FINE CUT FILTERBKS 16\'S', '10000', '12000', 1, NULL),
('8998667100084', 'KONIDIN OBAT BATUKSTR 4\'S ', '10000', '12000', 1, NULL),
('8998667100732', 'INZA OBAT SAKIT FLU 4\'SSTR', '10000', '12000', 1, NULL),
('8998667100763', 'JESSCOOL ', '10000', '12000', 1, NULL),
('8998667100947', 'INZANA PNRUN PNAS', '10000', '12000', 1, NULL),
('8998667300279', 'KONIDIN CAIR', '10000', '12000', 1, NULL),
('8998667300590', 'INZANA MSK ANGIN ANK ', '10000', '12000', 1, NULL),
('8998667400283', 'KONICARE MINYAK TELONBTL 60mL', '10000', '12000', 1, NULL),
('8998667401044', 'KONICARE PLUS 30ML', '10000', '12000', 1, NULL),
('8998667401051', 'KONICARE PLUS 60ML', '10000', '12000', 1, NULL),
('8998685011003', 'HEXOS CANDY MINT SCT 5X2.5g', '10000', '12000', 1, NULL),
('8998685012000', 'HEXOS LEMON 5X', '10000', '12000', 1, NULL),
('8998685021002', 'NANO KLT JRK', '10000', '12000', 1, NULL),
('8998685058305', 'FROZZ GREEN TE', '10000', '12000', 1, NULL),
('8998685177013', 'NANO MILKY VNLA', '10000', '12000', 1, NULL),
('8998685179017', 'NANO MILKY STRAW', '10000', '12000', 1, NULL),
('8998685182307', 'FROZZ TROPIC', '10000', '12000', 1, NULL),
('8998685183304', 'FROZZ BLACBER', '10000', '12000', 1, NULL),
('8998685221013', 'NANO MILKY COK', '10000', '12000', 1, NULL),
('8998694110124', 'TINI WINI BITI ASIN 20G', '10000', '12000', 1, NULL),
('8998694110889', 'TINI WINI BITI COK 20G', '10000', '12000', 1, NULL),
('8998777110218', 'DIAPET 4\'SSTR', '10000', '12000', 1, NULL),
('8998777140062', 'CURCUMA PLUS JERUK BTL ', '10000', '12000', 1, NULL),
('8998777140635', 'FITKOM GUMMY BOX', '10000', '12000', 1, NULL),
('8998838110010', 'KENKO GLUE STICKPCS 8G', '10000', '12000', 1, NULL),
('8998866100144', 'CIPTADENT COOL MINT TUB 75g', '10000', '12000', 1, NULL),
('8998866100229', 'KODOMO STRAWBERRY 45g', '10000', '12000', 1, NULL),
('8998866100250', 'KODOMO ORANGE 45g', '10000', '12000', 1, NULL),
('8998866100564', 'EMERON SHAMPO BLACK & SH BTL 170mL', '10000', '12000', 1, NULL),
('8998866101509', 'EMERON BODY LOTION MANGIR BTL 100mL', '10000', '12000', 1, NULL),
('8998866101516', 'EMERON LOTION ROSE BTL 100mL', '10000', '12000', 1, NULL),
('8998866105057', 'CIPTADENT ICE MINT75g', '10000', '12000', 1, NULL),
('8998866105354', 'KODOMO PRO KIDS 2 IN 1 NO.1 ', '10000', '12000', 1, NULL),
('8998866105361', 'KODOMO PRO KIDS 2 IN 1 NO.2 ', '10000', '12000', 1, NULL),
('8998866181068', 'CIPTADENT FRESH MINT 75G', '10000', '12000', 1, NULL),
('8998866181075', 'CIPTADENT FRESH MINT120g', '10000', '12000', 1, NULL),
('8998866200097', 'JASJUS JERUK PCK 10X ', '10000', '12000', 1, NULL),
('8998866200158', 'JASJUS MANGGA PCK 10X8G', '10000', '12000', 1, NULL),
('8998866500319', 'ALE-ALE ORANGE 200mL', '10000', '12000', 1, NULL),
('8998866500326', 'ALE-ALE STRAWBERRY 200mL', '10000', '12000', 1, NULL),
('8998866500708', 'FLORIDINA JUICE PULP ORANG BTL 360mL', '10000', '12000', 1, NULL),
('8998866500715', 'ALE-ALE ANGGUR', '10000', '12000', 1, NULL),
('8998866500951', 'ALE-ALE SIRSAK', '10000', '12000', 1, NULL),
('8998866600101', 'EKONOMI LEMON 560GR', '10000', '12000', 1, NULL),
('8998866601375', 'EKONOMI ANTI NODA PCK ', '10000', '12000', 1, NULL),
('8998866601436', 'DAIA SENSASI EXTRAK BUN BAG 900g', '10000', '12000', 1, NULL),
('8998866601597', 'EKONOMI SCT 58 GR ', '10000', '12000', 1, NULL),
('8998866601979', 'EKONOMI REFFIL E-2KPCK 2000G', '10000', '12000', 1, NULL),
('8998866602273', 'HER\'S PROTEX 8\'S MAXI BAG', '10000', '12000', 1, NULL),
('8998866603850', 'SOKLIN LANTAI 3X 25ML ', '10000', '12000', 1, NULL),
('8998866605137', 'CLING KACA REFILL BIRU PCH 425mL', '10000', '12000', 1, NULL),
('8998866606417', 'GIV SOY BEAN BAR 80g', '10000', '12000', 1, NULL),
('8998866606769', 'BOOM JERUK NIPI BAG 400g', '10000', '12000', 1, NULL),
('8998866607353', 'DAIA PUTIH BAG 900G', '10000', '12000', 1, NULL),
('8998866608183', 'SOKLIN PINK 70ML', '10000', '12000', 1, NULL),
('8998866608190', 'SOKLIN SFTR BIRY 70ML ', '10000', '12000', 1, NULL),
('8998866608305', 'GIV WHITE BENGK BAR 80g', '10000', '12000', 1, NULL),
('8998866608312', 'GIV PAPAYA BAR 80G', '10000', '12000', 1, NULL),
('8998866608725', 'DAIA SOFTENERBAG 900g', '10000', '12000', 1, NULL),
('8998866671736', 'EKONOMI A-NODA 560GR', '10000', '12000', 1, NULL),
('8998866888615', 'GIV (BIRU) BAR 80G', '10000', '12000', 1, NULL),
('8998866888653', 'GIV S(COKLAT) BAR 80G', '10000', '12000', 1, NULL),
('8998899001166', 'BAYGON YELLOW FRESH SCEN KLG 600ML', '10000', '12000', 1, NULL),
('8998899001173', 'BAYGON YELLOW FRESH SCEN KLG 750ML', '10000', '12000', 1, NULL),
('8998899001203', 'BAYGON CAIR BTL 400mL', '10000', '12000', 1, NULL),
('8998899001319', 'BAYGON MAT 30\'SBOX', '10000', '12000', 1, NULL),
('8998899001470', 'BAYGON SPRAY LAVENDER KLG ', '10000', '12000', 1, NULL),
('8998899001579', 'BAYGON BAKAR MAX 5\'S JUMBO BOX', '10000', '12000', 1, NULL),
('8998899001623', 'BAYGON BAKAR JUMBO 5\'S LAVENDER BOX', '10000', '12000', 1, NULL),
('8998899002071', 'BAYFRESH LEMON KLG 225m ', '10000', '12000', 1, NULL),
('8998899013046', 'BAYCLIN BTL 200mL', '10000', '12000', 1, NULL),
('8998899940489', 'KIWI LIQUID SHOE POLISH BLACK BTL 75mL', '10000', '12000', 1, NULL);
INSERT INTO `barang` (`barcode_barang`, `nama_barang`, `harga_beli`, `harga_jual`, `jml_stok`, `id_supplier`) VALUES
('8998989100120', 'GUDANG GARAM ROKOK FILTER MERAH 12\'S', '10000', '12000', 1, NULL),
('8998989110167', 'GUDANG GARAM SURYA 16\'S ', '10000', '12000', 1, NULL),
('8998989162203', 'GUDANG GARAM SIGNATURE MILD ', '10000', '12000', 1, NULL),
('8998989300087', 'GUDANG GARAM MLD 16 ', '10000', '12000', 1, NULL),
('8998989300155', 'GUDANG GARAM SIGNATUREBKS 12\'S ', '10000', '12000', 1, NULL),
('8998989300179', 'GUDANG GARAM GG MLD shiver', '10000', '12000', 1, NULL),
('8998989300391', 'GUDANG GARAM SURYA PRO MILD', '10000', '12000', 1, NULL),
('8998990212126', 'BAGUS NINA 10\'S DAY WING', '10000', '12000', 1, NULL),
('8998990212133', 'BAGUS INA 10\'S NIGHT WING', '10000', '12000', 1, NULL),
('8999005012021', 'CIP CORNED BEEFKLG 198G', '10000', '12000', 1, NULL),
('8999225906360', 'KANNA KRIM LEMBUT', '10000', '12000', 1, NULL),
('8999777026134', 'HANSAPLAST PLESTER 10\'S', '10000', '12000', 1, NULL),
('8999818773133', 'DAIMARU CELOTAPEROL 1/2X72', '10000', '12000', 1, NULL),
('8999908000200', 'BODREX SAKIT KEPALA (20)STR ', '10000', '12000', 1, NULL),
('8999908000705', 'BODREXIN OBAT TURUN PANAS (20)STR', '10000', '12000', 1, NULL),
('8999908034205', 'HEMAVITON DRINKBTL 150mL', '10000', '12000', 1, NULL),
('8999908057709', 'BODREX OBAT FLU & BATUK (4)S', '10000', '12000', 1, NULL),
('8999908060600', 'MARINA APPLE 100ML', '10000', '12000', 1, NULL),
('8999908071903', 'BODREX MIGRA (4)STR', '10000', '12000', 1, NULL),
('8999908210005', 'HEMAVITON ACTION 5\'SSTR', '10000', '12000', 1, NULL),
('8999908251008', 'MARINA YOUGHORT 100ML', '10000', '12000', 1, NULL),
('8999908271808', 'HEMAVITON JRENG T8BOX 6X4G', '10000', '12000', 1, NULL),
('8999908285003', 'BODREX EXTRA 4\'SSTR', '10000', '12000', 1, NULL),
('8999909000162', 'DJI SAM SOE MAGNUM BLUE', '10000', '12000', 1, NULL),
('8999909001909', 'DJI SAM SOE MAGNUM 12', '10000', '12000', 1, NULL),
('8999909028234', 'DJI SAM SOE KRETEK 12', '10000', '12000', 1, NULL),
('8999909028999', 'DJI SAM SOE SUPER PREM 12\'S', '10000', '12000', 1, NULL),
('8999909085114', 'SAMPOERNA KRETEK 12', '10000', '12000', 1, NULL),
('8999909096004', 'SAMPOERNA MILD FILTER 16', '10000', '12000', 1, NULL),
('8999988888811', 'ESPE ORANGE KLG 320mL', '10000', '12000', 1, NULL),
('8999988888828', 'ESPE STRAWBERRY KLG 320mL', '10000', '12000', 1, NULL),
('8999988888842', 'ESPE JAMBU KLG 320mL', '10000', '12000', 1, NULL),
('8999988888859', 'ESPE ANGGUR KLG 320mL', '10000', '12000', 1, NULL),
('8999988888866', 'ESPE LECI KLG 320mL', '10000', '12000', 1, NULL),
('8999988888972', 'CAP BADAK PUTIH BTL 500mL', '10000', '12000', 1, NULL),
('8999988888989', 'CAP BADAK PUTIH BTL 200mL', '10000', '12000', 1, NULL),
('8999999000059', 'TARO NET PTTO BBQ 9G', '10000', '12000', 1, NULL),
('8999999000066', 'TARO POTATO 40G', '10000', '12000', 1, NULL),
('8999999000165', 'TARO NET SEAWEED 9G', '10000', '12000', 1, NULL),
('8999999002299', 'CITRA SABUN LAST.WHITE BENG 75g', '10000', '12000', 1, NULL),
('8999999002497', 'TARO COWBOT STEAK 40G', '10000', '12000', 1, NULL),
('8999999002503', 'BANGO KECAP MANIS BTL 275mL', '10000', '12000', 1, NULL),
('8999999003661', 'CITRA BODY LOT. LASTING GLOW MANGIR & Z BTL 120ml ', '10000', '12000', 1, NULL),
('8999999003692', 'CITRA BODY LOT.YTHFUL RADIANCE MADU&GOJI Btl 120ml ', '10000', '12000', 1, NULL),
('8999999003708', 'CITRA LOT. BENGK Btl 120ml', '10000', '12000', 1, NULL),
('8999999003722', 'CITRA LOT.PEARLY Btl 120ml ', '10000', '12000', 1, NULL),
('8999999003753', 'CITRA BODY LOT.LASTNG WHITE UV BENGKOANG Btl 250ml', '10000', '12000', 1, NULL),
('8999999003760', 'CITRA BODY LOT.PEARLY WHITE BK MUTIARA Btl 250ml', '10000', '12000', 1, NULL),
('8999999003883', 'CITRA HAZELINE LSTNG COOL SNOW', '10000', '12000', 1, NULL),
('8999999003890', 'CITRA HAZELINE PEARLY WHITE UV 69837 BK MUTIARA P', '10000', '12000', 1, NULL),
('8999999004224', 'CITRA BODY WASH LASTNG WHITE BENGKOANG Pch 220ml', '10000', '12000', 1, NULL),
('8999999007799', 'FAIR & LOVELY TUB 50g', '10000', '12000', 1, NULL),
('8999999008499', 'CLOSE UP FIRE-FREEZ 65G', '10000', '12000', 1, NULL),
('8999999009281', 'MOLTO YELLOW 300ML', '10000', '12000', 1, NULL),
('8999999012625', 'BANGO KECAP MANIS )PCH 220mL', '10000', '12000', 1, NULL),
('8999999023171', 'BUAVITA GRAPE TPK 250mL', '10000', '12000', 1, NULL),
('8999999026264', 'BANGO KECAP MANIS PEDASBTL 135ML', '10000', '12000', 1, NULL),
('8999999029241', 'SUNSILK ANTI DAN 80ML ', '10000', '12000', 1, NULL),
('8999999029333', 'SUNSILK NOURIS 80ML', '10000', '12000', 1, NULL),
('8999999029579', 'CLEAR MEN NEW ICE COOL M BTL 170ml', '10000', '12000', 1, NULL),
('8999999029616', 'CLEAR NEW ICE COOL Btl 170ml', '10000', '12000', 1, NULL),
('8999999034153', 'BLUE BAND PCK 200G', '10000', '12000', 1, NULL),
('8999999034160', 'BLUE BAND CUP 250G', '10000', '12000', 1, NULL),
('8999999037185', 'DOVE CONDITIONER OTAL DAMAGE BTL', '10000', '12000', 1, NULL),
('8999999037451', 'BUAVITA KELAPA TPK 250mL', '10000', '12000', 1, NULL),
('8999999037482', 'BUAVITA MARKISA TPK 250mL', '10000', '12000', 1, NULL),
('8999999039103', 'DOVE SHAMPO TOTAL DAM BTL 70ml', '10000', '12000', 1, NULL),
('8999999041212', 'DOVE SHAMPOO DANDRUFF C BTL 70mL', '10000', '12000', 1, NULL),
('8999999041274', 'DOVE SHAMPOO NOURIS BTL 160mL', '10000', '12000', 1, NULL),
('8999999042905', 'SUNSILK UNGU BTL 70ML ', '10000', '12000', 1, NULL),
('8999999043735', 'CLEAR MEN ANTI HAIR BTL 70mL', '10000', '12000', 1, NULL),
('8999999043773', 'CLEAR ANTI HAIR BTL 70mL', '10000', '12000', 1, NULL),
('8999999043780', 'CLEAR COMP. SOFT BTL 70mL', '10000', '12000', 1, NULL),
('8999999043797', 'CLEAR ICE COOL M BTL 70mL', '10000', '12000', 1, NULL),
('8999999043803', 'CLEAR MEN ICE COOL M BTL 70mL', '10000', '12000', 1, NULL),
('8999999100506', 'BANGO KECAP MANISPCH 600mL', '10000', '12000', 1, NULL),
('8999999707835', 'CLOSE UP DEEP ACTION ', '10000', '12000', 1, NULL),
('9311931024036', 'INDOCAFE COFFEE MIX 3 IN 1PCK 10X20G', '10000', '12000', 1, NULL),
('9311931184037', 'INDOCAFE COFFEE MIXBOX 5X20G', '10000', '12000', 1, NULL),
('9556001051509', 'MILO ORI KLG 240ML ', '10000', '12000', 1, NULL),
('9556006012093', 'JOHNSONS HAIR & BODY WASH TOP TO TOE BTL 200mL', '10000', '12000', 1, NULL),
('9556089882309', 'FABER CASTELL PENGHAPUS', '10000', '12000', 1, NULL),
('9556182023234', 'CADBURY DAIRY MILKPCK 30G', '10000', '12000', 1, NULL),
('9556182023241', 'CADBURY DAIRY MILK CASHEW&COO PCK 30g', '10000', '12000', 1, NULL),
('9556182023258', 'CADBURY DAIRY MILKPCK 65G', '10000', '12000', 1, NULL),
('CHEETOS', 'ayam bakar 10gr', '10000', '12000', 1, NULL),
('CHUPA', 'CHUPS 10.5g', '10000', '12000', 1, NULL),
('CIP', 'CORNED BEEF MUSHROOMS KLG 198g', '10000', '12000', 1, NULL),
('CIPTADENT', 'COOL MINT TUB 120G', '10000', '12000', 1, NULL),
('COCA', 'COLA KLG 330mL', '10000', '12000', 1, NULL),
('CUSSONS', 'BABY POWDER (2+1)BTL', '10000', '12000', 1, NULL),
('DAIA', 'BUNGA BUNGA SCT', '10000', '12000', 1, NULL),
('DECOLSIN', 'OBAT FLU 4\'SSTR', '10000', '12000', 1, NULL),
('DJI', 'SAM SOE KRETEK 16\'S ', '10000', '12000', 1, NULL),
('EKONOMI', 'REFFIL ', '10000', '12000', 1, NULL),
('FRESH', 'CARE TELON OILBTL 60mL', '10000', '12000', 1, NULL),
('FRESTEA', 'LEMON BTL 500mL', '10000', '12000', 1, NULL),
('GARNIER', 'LIGHT COMPLETE WHITENING CREAM EXTRA UV S ', '10000', '12000', 1, NULL),
('GREGEEET', 'STIK KEJU', '10000', '12000', 1, NULL),
('KAPAL', 'API KOPI SUSURCG 10X31G', '10000', '12000', 1, NULL),
('KARINA', 'AMPLOP KECIL PCK', '10000', '12000', 1, NULL),
('KENKO', 'ISI CUTTER L-150PCS', '10000', '12000', 1, NULL),
('KIMBO', 'SOSIS LAUK', '10000', '12000', 1, NULL),
('KONICARE', 'MINYAK TELONBTL 125mL', '10000', '12000', 1, NULL),
('LARISST', 'GULA PASIR PREMIUM KUNING PCK 500g', '10000', '12000', 1, NULL),
('LASEGAR', 'LARUTAN PENYEGAR LECI KLG 320 mL', '10000', '12000', 1, NULL),
('L’AGIE', 'HAGEL-SLAG SAFARI WARNA PCK 100g', '10000', '12000', 1, NULL),
('OKKY', 'JELLY DRINK MANGGA CUP ', '10000', '12000', 1, NULL);

-- --------------------------------------------------------

--
-- Table structure for table `departemen`
--

CREATE TABLE `departemen` (
  `kode_awal` varchar(6) NOT NULL,
  `departemen` varchar(50) NOT NULL,
  `hak_akses_produk` tinyint(4) NOT NULL DEFAULT '0',
  `hak_akses_karyawan` tinyint(4) NOT NULL DEFAULT '0',
  `hak_akses_laporan` tinyint(4) NOT NULL DEFAULT '0',
  `hak_akses_pos` tinyint(4) NOT NULL DEFAULT '0'
) ENGINE=InnoDB DEFAULT CHARSET=latin1;

--
-- Dumping data for table `departemen`
--

INSERT INTO `departemen` (`kode_awal`, `departemen`, `hak_akses_produk`, `hak_akses_karyawan`, `hak_akses_laporan`, `hak_akses_pos`) VALUES
('CSH', 'Cashier', 0, 0, 0, 1),
('HRD', 'Human Resource', 0, 1, 0, 0),
('MGR', 'Manager', 1, 1, 1, 1),
('WHR', 'Warehouse Officer', 1, 0, 0, 0);

-- --------------------------------------------------------

--
-- Table structure for table `karyawan`
--

CREATE TABLE `karyawan` (
  `id_karyawan` varchar(10) NOT NULL,
  `nama_karyawan` varchar(200) NOT NULL,
  `departemen` varchar(6) NOT NULL,
  `password` varchar(200) NOT NULL,
  `email` varchar(100) NOT NULL,
  `telp_karyawan` varchar(20) NOT NULL,
  `alamat_karyawan` text NOT NULL,
  `foto` varchar(50) DEFAULT NULL
) ENGINE=InnoDB DEFAULT CHARSET=latin1;

--
-- Dumping data for table `karyawan`
--

INSERT INTO `karyawan` (`id_karyawan`, `nama_karyawan`, `departemen`, `password`, `email`, `telp_karyawan`, `alamat_karyawan`, `foto`) VALUES
('CSH-001', 'Joshua', 'CSH', '$2y$10$Kelompok2SuPERmarketIOuTcLeQyQDlE/JqtVskEn1lCALYOk71y', 'joshua@gmail.com', '021382188859', 'Jl. Jalan ', 'CSH-001.jpg'),
('HRD-001', 'Jesika KW', 'HRD', '$2y$10$Kelompok2SuPERmarketIOs2NUxDJ6Ck.s.jooMjEYT8NZB6x1Mxq', 'jesika@gmail.com', '081319959573', ' Nama jalan', 'HRD-001.jpg'),
('MGR-001', 'Nicholas', 'MGR', '$2y$10$Kelompok2SuPERmarketIOO3P572WpOOk7pVJiPUEwCMe4U6o.ql2', 'nicholas@gmail.com', '082344441111', 'Jl. Jalan Jalan', 'MGR-001.png'),
('MGR-002', 'Alvin Juvianto', 'MGR', '$2y$10$Kelompok2SuPERmarketIONA0yjdbU1mPN9p1oXHS9WSL1JgsoQVS', 'alvinjuvianto@gmail.com', '321567535635', ' aqaq', 'MGR-002.jpg'),
('WHR-001', 'William', 'WHR', '$2y$10$Kelompok2SuPERmarketIOG8YrTm2Cwb0IPaJbAhoQqkWjpUBBw5K', 'william231295@gmail.com', '012832175619', 'Jl. Jalan ', 'WHR-001.jpg');

-- --------------------------------------------------------

--
-- Table structure for table `supplier`
--

CREATE TABLE `supplier` (
  `id_supplier` varchar(10) NOT NULL,
  `nama_supplier` varchar(160) NOT NULL,
  `no_telp` varchar(20) NOT NULL,
  `email` varchar(20) NOT NULL,
  `alamat` text NOT NULL
) ENGINE=InnoDB DEFAULT CHARSET=latin1;

--
-- Dumping data for table `supplier`
--

INSERT INTO `supplier` (`id_supplier`, `nama_supplier`, `no_telp`, `email`, `alamat`) VALUES
('SUP-001', 'PT Alfa Beta Carlie', '081234567890', 'nichkotama@gmail.com', 'Jl. Jalan'),
('SUP-002', 'PT Danone', '3535353', 'danone@mail.com', 'tebak, hayo dimana?');

-- --------------------------------------------------------

--
-- Table structure for table `transaksi_kasir`
--

CREATE TABLE `transaksi_kasir` (
  `id_transaksi_header` varchar(12) NOT NULL,
  `id_petugas` varchar(10) NOT NULL,
  `tgl_transaksi` date NOT NULL,
  `harga_total` decimal(18,0) NOT NULL
) ENGINE=InnoDB DEFAULT CHARSET=latin1;

--
-- Dumping data for table `transaksi_kasir`
--

INSERT INTO `transaksi_kasir` (`id_transaksi_header`, `id_petugas`, `tgl_transaksi`, `harga_total`) VALUES
('201611220001', 'MGR-001', '2016-11-22', '60000');

-- --------------------------------------------------------

--
-- Table structure for table `transaksi_kasir_detail`
--

CREATE TABLE `transaksi_kasir_detail` (
  `id_transaksi_detail` int(3) NOT NULL,
  `id_transaksi_header` varchar(12) NOT NULL,
  `barcode_barang` varchar(15) NOT NULL,
  `jml_barang` int(11) NOT NULL,
  `harga_sub_total` decimal(18,0) NOT NULL
) ENGINE=InnoDB DEFAULT CHARSET=latin1;

--
-- Dumping data for table `transaksi_kasir_detail`
--

INSERT INTO `transaksi_kasir_detail` (`id_transaksi_detail`, `id_transaksi_header`, `barcode_barang`, `jml_barang`, `harga_sub_total`) VALUES
(49, '201611220001', '711844110113', 2, '24000'),
(50, '201611220001', '11747233033', 3, '36000');

-- --------------------------------------------------------

--
-- Table structure for table `transaksi_pembelian`
--

CREATE TABLE `transaksi_pembelian` (
  `id_pembelian` varchar(13) NOT NULL,
  `id_supplier` varchar(10) NOT NULL,
  `tgl_po` date NOT NULL,
  `total_pembelian` decimal(18,0) NOT NULL
) ENGINE=InnoDB DEFAULT CHARSET=latin1;

--
-- Dumping data for table `transaksi_pembelian`
--

INSERT INTO `transaksi_pembelian` (`id_pembelian`, `id_supplier`, `tgl_po`, `total_pembelian`) VALUES
('2016/XI/0001', 'SUP-001', '2016-11-24', '10000'),
('2016/XI/0002', 'SUP-002', '2016-11-24', '40000');

-- --------------------------------------------------------

--
-- Table structure for table `transaksi_pembelian_detail`
--

CREATE TABLE `transaksi_pembelian_detail` (
  `id_pembelian_detail` int(11) NOT NULL,
  `id_pembelian` varchar(13) NOT NULL,
  `barcode_barang` varchar(15) NOT NULL,
  `jml_beli` int(11) NOT NULL,
  `diterima` tinyint(1) DEFAULT NULL,
  `tgl_diterima` date DEFAULT NULL,
  `harga_sub_total` decimal(18,0) NOT NULL,
  `keterangan` text
) ENGINE=InnoDB DEFAULT CHARSET=latin1;

--
-- Dumping data for table `transaksi_pembelian_detail`
--

INSERT INTO `transaksi_pembelian_detail` (`id_pembelian_detail`, `id_pembelian`, `barcode_barang`, `jml_beli`, `diterima`, `tgl_diterima`, `harga_sub_total`, `keterangan`) VALUES
(2, '2016/XI/0001', '711844115057', 10, NULL, NULL, '10000', 'kurang 1'),
(3, '2016/XI/0002', '711844115057', 1, NULL, NULL, '10000', NULL),
(4, '2016/XI/0002', '8886022910266', 1, 1, '2016-11-28', '10000', NULL),
(5, '2016/XI/0002', '711844115057', 1, NULL, NULL, '10000', NULL),
(6, '2016/XI/0002', '8991002101630', 1, NULL, NULL, '10000', NULL),
(7, '2016/XI/0002', '3607345387321', 2, NULL, NULL, '20000', NULL);

--
-- Indexes for dumped tables
--

--
-- Indexes for table `barang`
--
ALTER TABLE `barang`
  ADD PRIMARY KEY (`barcode_barang`),
  ADD KEY `id_supplier` (`id_supplier`);

--
-- Indexes for table `departemen`
--
ALTER TABLE `departemen`
  ADD PRIMARY KEY (`kode_awal`),
  ADD UNIQUE KEY `departemen` (`departemen`),
  ADD KEY `departemen_2` (`departemen`),
  ADD KEY `kode_awal` (`kode_awal`),
  ADD KEY `departemen_3` (`departemen`);

--
-- Indexes for table `karyawan`
--
ALTER TABLE `karyawan`
  ADD PRIMARY KEY (`id_karyawan`),
  ADD KEY `departemen` (`departemen`);

--
-- Indexes for table `supplier`
--
ALTER TABLE `supplier`
  ADD PRIMARY KEY (`id_supplier`),
  ADD UNIQUE KEY `nama_supplier` (`nama_supplier`);

--
-- Indexes for table `transaksi_kasir`
--
ALTER TABLE `transaksi_kasir`
  ADD PRIMARY KEY (`id_transaksi_header`),
  ADD KEY `id_transaksi_header` (`id_transaksi_header`),
  ADD KEY `id_petugas` (`id_petugas`);

--
-- Indexes for table `transaksi_kasir_detail`
--
ALTER TABLE `transaksi_kasir_detail`
  ADD PRIMARY KEY (`id_transaksi_detail`),
  ADD KEY `id_transaksi_header` (`id_transaksi_header`),
  ADD KEY `id_barang` (`barcode_barang`),
  ADD KEY `id_barang_2` (`barcode_barang`);

--
-- Indexes for table `transaksi_pembelian`
--
ALTER TABLE `transaksi_pembelian`
  ADD PRIMARY KEY (`id_pembelian`),
  ADD KEY `id_supplier` (`id_supplier`);

--
-- Indexes for table `transaksi_pembelian_detail`
--
ALTER TABLE `transaksi_pembelian_detail`
  ADD PRIMARY KEY (`id_pembelian_detail`),
  ADD KEY `id_pembelian` (`id_pembelian`,`barcode_barang`),
  ADD KEY `id_barang` (`barcode_barang`),
  ADD KEY `id_barang_2` (`barcode_barang`);

--
-- AUTO_INCREMENT for dumped tables
--

--
-- AUTO_INCREMENT for table `transaksi_kasir_detail`
--
ALTER TABLE `transaksi_kasir_detail`
  MODIFY `id_transaksi_detail` int(3) NOT NULL AUTO_INCREMENT, AUTO_INCREMENT=64;
--
-- AUTO_INCREMENT for table `transaksi_pembelian_detail`
--
ALTER TABLE `transaksi_pembelian_detail`
  MODIFY `id_pembelian_detail` int(11) NOT NULL AUTO_INCREMENT, AUTO_INCREMENT=8;
--
-- Constraints for dumped tables
--

--
-- Constraints for table `barang`
--
ALTER TABLE `barang`
  ADD CONSTRAINT `barang_ibfk_1` FOREIGN KEY (`id_supplier`) REFERENCES `supplier` (`id_supplier`) ON DELETE CASCADE ON UPDATE CASCADE;

--
-- Constraints for table `karyawan`
--
ALTER TABLE `karyawan`
  ADD CONSTRAINT `karyawan_ibfk_1` FOREIGN KEY (`departemen`) REFERENCES `departemen` (`kode_awal`);

--
-- Constraints for table `transaksi_kasir`
--
ALTER TABLE `transaksi_kasir`
  ADD CONSTRAINT `transaksi_kasir_ibfk_1` FOREIGN KEY (`id_petugas`) REFERENCES `karyawan` (`id_karyawan`);

--
-- Constraints for table `transaksi_kasir_detail`
--
ALTER TABLE `transaksi_kasir_detail`
  ADD CONSTRAINT `transaksi_kasir_detail_ibfk_1` FOREIGN KEY (`id_transaksi_header`) REFERENCES `transaksi_kasir` (`id_transaksi_header`);

--
-- Constraints for table `transaksi_pembelian`
--
ALTER TABLE `transaksi_pembelian`
  ADD CONSTRAINT `transaksi_pembelian_ibfk_1` FOREIGN KEY (`id_supplier`) REFERENCES `supplier` (`id_supplier`);

--
-- Constraints for table `transaksi_pembelian_detail`
--
ALTER TABLE `transaksi_pembelian_detail`
  ADD CONSTRAINT `transaksi_pembelian_detail_ibfk_1` FOREIGN KEY (`id_pembelian`) REFERENCES `transaksi_pembelian` (`id_pembelian`),
  ADD CONSTRAINT `transaksi_pembelian_detail_ibfk_2` FOREIGN KEY (`barcode_barang`) REFERENCES `barang` (`barcode_barang`);

/*!40101 SET CHARACTER_SET_CLIENT=@OLD_CHARACTER_SET_CLIENT */;
/*!40101 SET CHARACTER_SET_RESULTS=@OLD_CHARACTER_SET_RESULTS */;
/*!40101 SET COLLATION_CONNECTION=@OLD_COLLATION_CONNECTION */;
